domain,count,first_seen,last_seen,suggested_bucket
sa.gov.au,20307,2015-11-14T13:00:04.055000+00:00,2026-01-16T12:57:09.093000+00:00,internal
bensonradiology.com.au,10285,2016-12-29T12:06:03.350000+00:00,2026-01-16T11:09:34.097000+00:00,vendor_candidate
jonesradiology.com.au,8672,2024-06-14T15:13:33.909000+00:00,2026-01-16T13:15:53.454000+00:00,vendor_candidate
radiologysa.com.au,4157,2019-07-09T09:18:57.976000+00:00,2026-01-16T14:08:03.619000+00:00,vendor_candidate
drjones.com.au,3782,2019-03-01T12:20:51.417000+00:00,2024-06-17T11:07:17.582000+00:00,vendor_candidate
i-med.com.au,3511,2021-07-22T09:16:20.590000+00:00,2025-12-02T10:27:21.568000+00:00,vendor_candidate
jonesradiology.atlassian.net,801,2025-11-25T10:31:00.860000+00:00,2026-01-16T10:54:12.060000+00:00,vendor_candidate
health.telstra.com,609,2016-12-30T12:41:15.771000+00:00,2021-06-29T15:14:40.834000+00:00,vendor_candidate
philips.com,525,2019-08-26T14:34:15.609000+00:00,2025-06-02T11:45:19.012000+00:00,vendor_candidate
nt.gov.au,430,2017-07-19T09:58:31.835000+00:00,2025-12-17T14:25:23.436000+00:00,vendor_candidate
healthlink.net,359,2016-06-22T15:31:18.971000+00:00,2025-11-26T14:29:26.767000+00:00,vendor_candidate
zedtechnologies.com.au,323,2019-11-15T14:50:06.987000+00:00,2025-11-03T09:12:42.088000+00:00,vendor_candidate
carestream.com,223,2015-12-24T14:50:54.837000+00:00,2020-03-25T09:13:03.754000+00:00,vendor_candidate
petermac.org,99,2023-11-10T14:28:21.518000+00:00,2026-01-09T14:20:52.701000+00:00,vendor_candidate
service-now.com,79,2023-04-24T15:56:29.172000+00:00,2025-12-29T10:54:01.717000+00:00,vendor_candidate
materialise.com,70,2024-04-12T14:20:34.575000+00:00,2026-01-13T17:41:32.859000+00:00,vendor_candidate
google.com,56,2024-10-10T15:06:55.464000+00:00,2025-12-10T04:33:11.909000+00:00,vendor_candidate
health.qld.gov.au,52,2020-06-25T13:31:42.476000+00:00,2026-01-07T12:25:55.716000+00:00,vendor_candidate
qscan.com.au,50,2021-09-28T09:20:00.555000+00:00,2025-10-08T11:39:39.581000+00:00,vendor_candidate
medacta.com.au,48,2022-10-26T12:21:43.108000+00:00,2025-12-03T11:25:56.366000+00:00,vendor_candidate
chib.had.sa.gov.au,44,2025-03-31T11:26:06.529000+00:00,2026-01-15T14:35:14.705000+00:00,vendor_candidate
imagingsol.com.au,39,2017-05-19T14:47:11.331000+00:00,2018-07-30T12:58:18.275000+00:00,vendor_candidate
its.jnj.com,37,2022-08-08T21:47:28.050000+00:00,2025-09-18T10:38:08.174000+00:00,vendor_candidate
everlightradiology.com,36,2019-11-08T06:52:54.471000+00:00,2025-07-21T09:37:08.408000+00:00,vendor_candidate
hibprod.mbcs.sag,34,2018-04-24T16:05:16.596000+00:00,2020-07-03T09:30:31.220000+00:00,vendor_candidate
aci.net.au,31,2019-02-26T12:57:26.281000+00:00,2020-06-17T14:20:04.797000+00:00,vendor_candidate
klsmartin.com,29,2023-04-04T16:07:14.489000+00:00,2025-11-28T16:16:57.163000+00:00,vendor_candidate
stryker.com,25,2023-10-16T09:19:17.319000+00:00,2026-01-14T14:31:04.690000+00:00,vendor_candidate
pab.healthcare,23,2017-04-12T22:38:34.265000+00:00,2024-12-29T08:12:25.608000+00:00,other
austin.org.au,22,2021-08-17T08:46:45.137000+00:00,2025-11-20T10:40:35.825000+00:00,other
health.nsw.gov.au,21,2020-10-12T15:33:38.219000+00:00,2026-01-14T10:27:37.127000+00:00,other
insidestategovernment.com.au,21,2025-10-31T09:45:26.127000+00:00,2025-12-18T09:24:25.601000+00:00,other
everlt.atlassian.net,20,2019-11-11T09:08:03.214000+00:00,2023-11-13T12:34:01.354000+00:00,other
medinexus.com.au,19,2016-07-04T15:48:12.035000+00:00,2016-12-01T10:28:59.689000+00:00,other
gmail.com,16,2018-01-17T12:41:03.583000+00:00,2025-08-21T12:27:26.109000+00:00,other
psalerts.com.au,16,2024-05-27T13:09:49.190000+00:00,2025-12-16T11:46:57.952000+00:00,other
aurabox.app,13,2024-09-16T10:26:33.542000+00:00,2024-10-09T07:24:10.335000+00:00,other
alfred.org.au,12,2020-10-06T12:29:51.216000+00:00,2025-09-30T12:13:23.447000+00:00,other
icare.nsw.gov.au,12,2022-08-10T08:49:34.248000+00:00,2025-11-13T16:12:40.803000+00:00,other
spine.com.au,11,2023-02-09T15:40:12.909000+00:00,2025-10-28T11:16:26.331000+00:00,other
dxc.com,10,2018-05-04T09:31:09.107000+00:00,2025-05-05T09:04:35.566000+00:00,other
genesiscare.com,10,2022-12-01T16:16:52.965000+00:00,2025-01-28T11:08:28.112000+00:00,other
wlgore.com,10,2025-04-14T13:46:49.040000+00:00,2026-01-13T12:07:50.846000+00:00,other
zedtechnologies.com,10,2021-07-12T16:12:57.340000+00:00,2023-11-03T12:53:09.754000+00:00,other
bridgeclinic.com.au,9,2019-01-30T11:37:51.603000+00:00,2021-08-09T16:47:28.129000+00:00,other
health.wa.gov.au,9,2023-09-20T14:27:18.637000+00:00,2024-04-23T17:47:39.637000+00:00,other
icon.team,8,2022-07-28T10:10:32.895000+00:00,2025-01-03T10:03:54.755000+00:00,other
volparahealth.com,8,2025-10-07T11:38:57.572000+00:00,2026-01-07T11:49:32.444000+00:00,other
accounts.google.com,7,2024-10-17T11:15:41.166000+00:00,2025-02-21T13:24:10.809000+00:00,other
barwonhealth.org.au,7,2021-09-09T11:33:19.817000+00:00,2025-11-24T15:04:55.775000+00:00,other
breastscreen.org.au,7,2024-03-28T15:12:53.625000+00:00,2025-12-03T15:20:02.317000+00:00,other
internode.on.net,7,2017-01-17T14:41:19.063000+00:00,2020-02-12T12:53:51.291000+00:00,other
medical.canon,7,2018-06-29T20:45:24.506000+00:00,2023-01-24T11:06:59.340000+00:00,other
flyingdoctor.net,6,2024-10-02T09:36:40.629000+00:00,2025-11-24T16:48:23.156000+00:00,other
rch.org.au,6,2021-12-27T19:55:05.573000+00:00,2025-10-30T11:11:36.255000+00:00,other
bigpond.net.au,5,2019-07-26T14:45:52.545000+00:00,2025-04-26T09:05:31.136000+00:00,other
everlightradiology.com.au,5,2016-10-31T10:01:29.353000+00:00,2017-12-31T09:30:32.063000+00:00,other
gb.rtwsa.com,5,2025-02-17T11:50:55.694000+00:00,2026-01-16T09:37:02.602000+00:00,other
socru.org.au,5,2025-06-02T15:09:59.472000+00:00,2025-12-03T08:17:40.474000+00:00,other
vertexmedical.com.au,5,2024-04-09T12:12:19.160000+00:00,2025-10-22T16:10:30.059000+00:00,other
acha.org.au,4,2017-04-28T10:44:12.547000+00:00,2020-02-04T14:55:03.406000+00:00,other
barmeramedical.com.au,4,2025-12-09T13:19:19.395000+00:00,2025-12-15T13:38:06.795000+00:00,other
doctorwilson.com.au,4,2023-10-17T12:35:03.200000+00:00,2025-12-24T12:57:45.869000+00:00,other
mh.org.au,4,2024-04-03T14:24:12.347000+00:00,2025-02-26T16:04:57.130000+00:00,other
paulbannon.com.au,4,2025-05-19T10:04:28.327000+00:00,2025-05-28T08:12:46.926000+00:00,other
renmarkmedical.com.au,4,2025-03-11T15:25:09.188000+00:00,2025-05-21T11:22:04.392000+00:00,other
smartorthodontics.com.au,4,2024-04-03T10:09:32.662000+00:00,2025-01-09T13:33:05.495000+00:00,other
woc.com.au,4,2025-06-30T14:52:18.478000+00:00,2025-07-14T13:06:40.125000+00:00,other
wpmed.com.au,4,2021-02-26T15:23:42.120000+00:00,2026-01-08T09:49:25.938000+00:00,other
yahoo.com,4,2025-03-20T15:04:23.387000+00:00,2025-04-02T18:49:12.150000+00:00,other
activeoa.com,3,2025-11-28T11:02:16.034000+00:00,2026-01-15T15:46:49.529000+00:00,other
adelaidedentist.com.au,3,2024-07-24T09:47:13.627000+00:00,2025-02-13T12:09:27.579000+00:00,other
availer.com,3,2024-10-22T20:36:11.076000+00:00,2024-10-24T16:07:50.133000+00:00,other
courts.sa.gov.au,3,2025-02-12T15:29:59.977000+00:00,2025-02-14T13:53:04.470000+00:00,other
drfloreani.com.au,3,2025-04-01T12:58:14.945000+00:00,2025-06-03T11:43:27.570000+00:00,other
e.healthlink.net,3,2022-11-08T11:04:22.934000+00:00,2024-06-12T09:31:11.661000+00:00,other
healthfirstgroup.com.au,3,2025-01-24T12:47:39.616000+00:00,2025-01-24T14:04:03.171000+00:00,other
ipn.com.au,3,2025-01-15T13:07:48.123000+00:00,2025-10-30T12:49:41.852000+00:00,other
mail.rah.sa.gov.au,3,2017-05-29T17:07:04.358000+00:00,2017-08-16T10:43:52.833000+00:00,other
medtronic.com,3,2023-11-13T12:40:46.306000+00:00,2025-08-20T15:05:13.008000+00:00,other
messaging.microsoft.com,3,2024-06-11T14:06:06.761000+00:00,2025-07-30T13:05:11.987000+00:00,other
michaeleaton.com.au,3,2019-10-25T11:23:45.014000+00:00,2019-11-11T15:49:54.856000+00:00,other
precisionradiology.com.au,3,2024-10-16T09:14:27.582000+00:00,2024-11-15T13:46:34.637000+00:00,other
precisionultrasound.com.au,3,2021-03-19T12:13:44.796000+00:00,2021-03-19T12:19:01.932000+00:00,other
radiologytasmania.com.au,3,2025-02-24T09:27:15.585000+00:00,2025-03-04T15:52:53.357000+00:00,other
rchsd.org,3,2024-10-24T15:35:52.581000+00:00,2024-10-24T16:01:09.279000+00:00,other
samchenperiodontist.com.au,3,2024-10-31T09:09:26.991000+00:00,2025-03-26T08:33:20.557000+00:00,other
siemens-healthineers.com,3,2020-01-17T08:17:41.049000+00:00,2022-01-21T10:57:06.345000+00:00,other
5dclinics.com.au,2,2022-05-06T13:58:16.906000+00:00,2024-05-20T15:57:37.155000+00:00,other
ahkc.com.au,2,2025-01-03T10:55:26.726000+00:00,2025-01-16T10:36:02.676000+00:00,other
burnsidedental.com.au,2,2024-11-01T17:10:49.826000+00:00,2024-11-04T10:13:42.245000+00:00,other
crsa.au,2,2025-03-07T10:04:48.920000+00:00,2025-03-07T11:05:21.686000+00:00,other
dental-excellence.com.au,2,2024-11-01T16:03:33.988000+00:00,2024-11-04T08:30:48.225000+00:00,other
drbernardcarney.com.au,2,2025-01-28T13:13:15.361000+00:00,2025-01-29T16:28:35.965000+00:00,other
email.apple.com,2,2025-02-21T14:38:15.082000+00:00,2025-03-13T14:07:18.541000+00:00,other
emerginghealthcare.com.au,2,2025-02-19T10:53:02.415000+00:00,2025-02-19T10:59:23.338000+00:00,other
floridaproton.org,2,2024-10-19T04:05:39.922000+00:00,2024-10-19T10:10:21.804000+00:00,other
hainesortho.com.au,2,2023-03-10T14:24:35.772000+00:00,2023-03-10T16:01:31.647000+00:00,other
healthscope.com.au,2,2024-07-04T11:40:51.287000+00:00,2024-07-04T15:39:13.945000+00:00,other
hyland.com,2,2020-06-25T16:18:45.169000+00:00,2021-01-30T02:40:53.844000+00:00,other
icloud.com,2,2022-08-02T10:21:14.263000+00:00,2023-11-24T08:54:29.352000+00:00,other
kofax.com,2,2017-09-16T01:18:20.447000+00:00,2017-09-19T02:03:38.006000+00:00,other
moanamedicalcentre.com.au,2,2018-08-07T11:57:30.424000+00:00,2018-08-07T18:15:50.139000+00:00,other
mumsandbabies.com.au,2,2024-11-20T12:21:23.032000+00:00,2024-11-20T17:40:39.358000+00:00,other
nh.org.au,2,2025-06-04T20:09:14.413000+00:00,2025-06-13T10:34:45.761000+00:00,other
physio439.com.au,2,2024-10-25T12:59:50.682000+00:00,2024-10-28T13:21:26.331000+00:00,other
portpiriedental.com.au,2,2025-08-07T16:08:20.009000+00:00,2025-08-11T12:36:08.294000+00:00,other
radinetpro.com,2,2024-04-18T09:12:35.654000+00:00,2024-04-19T14:42:24.389000+00:00,other
scr.com.au,2,2022-12-20T09:54:17.145000+00:00,2023-12-21T15:47:55.679000+00:00,other
smartdermatology.com.au,2,2022-07-05T09:32:57.095000+00:00,2022-07-05T09:46:41.111000+00:00,other
strathphysio.com.au,2,2025-07-17T08:46:42.643000+00:00,2025-07-18T12:19:39.985000+00:00,other
ths.tas.gov.au,2,2025-11-13T12:18:35.476000+00:00,2025-11-14T06:34:45.382000+00:00,other
victorchang.edu.au,2,2024-09-13T10:20:40.401000+00:00,2024-09-18T14:05:23.978000+00:00,other
westerneyecare.com.au,2,2025-05-22T10:13:16.443000+00:00,2025-05-22T15:48:46.701000+00:00,other
adam.com.au,1,2018-08-14T10:16:39.840000+00:00,2018-08-14T10:16:39.840000+00:00,one_off
adelaidearthroplasty.com.au,1,2023-11-20T12:57:52.849000+00:00,2023-11-20T12:57:52.849000+00:00,one_off
adelaidemaxfax.com.au,1,2025-03-06T15:50:14.429000+00:00,2025-03-06T15:50:14.429000+00:00,one_off
adelaideneurodiagnostics.com.au,1,2022-09-29T14:28:18.470000+00:00,2022-09-29T14:28:18.470000+00:00,one_off
adelaiderespiratory.com.au,1,2021-02-17T15:42:24.148000+00:00,2021-02-17T15:42:24.148000+00:00,one_off
adelaidevascular.com,1,2025-07-09T08:40:32.541000+00:00,2025-07-09T08:40:32.541000+00:00,one_off
adobe.com,1,2024-10-10T15:29:05.324000+00:00,2024-10-10T15:29:05.324000+00:00,one_off
advancedoms.com.au,1,2023-08-14T10:22:40.882000+00:00,2023-08-14T10:22:40.882000+00:00,one_off
apollomit.com,1,2024-12-19T11:48:33.479000+00:00,2024-12-19T11:48:33.479000+00:00,one_off
arkabamedical.com.au,1,2025-05-15T08:29:01.132000+00:00,2025-05-15T08:29:01.132000+00:00,one_off
aurabox.cloud,1,2024-09-16T10:57:31.919000+00:00,2024-09-16T10:57:31.919000+00:00,one_off
berrimedical.com.au,1,2025-03-26T13:41:32.416000+00:00,2025-03-26T13:41:32.416000+00:00,one_off
bigpond.com,1,2020-09-18T17:01:23.473000+00:00,2020-09-18T17:01:23.473000+00:00,one_off
bmcdoctors.com.au,1,2023-08-02T15:20:43.709000+00:00,2023-08-02T15:20:43.709000+00:00,one_off
cabrini.com.au,1,2025-05-19T11:19:02.409000+00:00,2025-05-19T11:19:02.409000+00:00,one_off
centralneurosurgery.com.au,1,2025-05-15T12:00:44.263000+00:00,2025-05-15T12:00:44.263000+00:00,one_off
completechirosa.com.au,1,2025-01-07T11:48:16.831000+00:00,2025-01-07T11:48:16.831000+00:00,one_off
drbec.com.au,1,2020-05-06T09:19:28.475000+00:00,2020-05-06T09:19:28.475000+00:00,one_off
drrichardharries.com.au,1,2022-08-03T09:47:21.980000+00:00,2022-08-03T09:47:21.980000+00:00,one_off
dwft.au,1,2024-05-08T16:41:25.264000+00:00,2024-05-08T16:41:25.264000+00:00,one_off
eastadelaideoandg.com.au,1,2022-02-28T10:43:23.148000+00:00,2022-02-28T10:43:23.148000+00:00,one_off
email.teams.microsoft.com,1,2025-01-16T14:30:55.844000+00:00,2025-01-16T14:30:55.844000+00:00,one_off
embracemidwifery.net,1,2020-10-19T10:29:15.121000+00:00,2020-10-19T10:29:15.121000+00:00,one_off
eml.rtwsa.com,1,2020-06-18T15:44:41.867000+00:00,2020-06-18T15:44:41.867000+00:00,one_off
epworth.org.au,1,2024-01-19T13:05:51.164000+00:00,2024-01-19T13:05:51.164000+00:00,one_off
fbwgynplus.com,1,2020-11-21T12:30:33.843000+00:00,2020-11-21T12:30:33.843000+00:00,one_off
fujifilm.com,1,2023-04-24T10:52:41.257000+00:00,2023-04-24T10:52:41.257000+00:00,one_off
fujifilm.com.au,1,2017-07-19T10:42:24.077000+00:00,2017-07-19T10:42:24.077000+00:00,one_off
gentledentistry.com.au,1,2025-02-04T13:09:53.371000+00:00,2025-02-04T13:09:53.371000+00:00,one_off
gentledentistryadelaide.com.au,1,2025-07-24T09:17:08.643000+00:00,2025-07-24T09:17:08.643000+00:00,one_off
goodsmiles.com.au,1,2024-08-08T15:44:59.243000+00:00,2024-08-08T15:44:59.243000+00:00,one_off
hampsteaddentalpractice.com.au,1,2025-03-04T09:51:59.155000+00:00,2025-03-04T09:51:59.155000+00:00,one_off
happyvalleydentalsurgery.com.au,1,2024-03-28T12:48:21.785000+00:00,2024-03-28T12:48:21.785000+00:00,one_off
healthonkensington.com.au,1,2026-01-15T11:56:49.776000+00:00,2026-01-15T11:56:49.776000+00:00,one_off
hotmail.com,1,2023-10-03T13:57:18.764000+00:00,2023-10-03T13:57:18.764000+00:00,one_off
humankindstudios.com.au,1,2024-07-26T13:55:33.811000+00:00,2024-07-26T13:55:33.811000+00:00,one_off
imagingassociates.net.au,1,2024-09-24T11:00:19.952000+00:00,2024-09-24T11:00:19.952000+00:00,one_off
info.messagemedia.com,1,2025-09-05T14:26:27.686000+00:00,2025-09-05T14:26:27.686000+00:00,one_off
insideapple.apple.com,1,2025-03-14T02:15:43.129000+00:00,2025-03-14T02:15:43.129000+00:00,one_off
investigatorclinic.com.au,1,2023-06-16T14:21:32.397000+00:00,2023-06-16T14:21:32.397000+00:00,one_off
klemzigvillagemedical.com.au,1,2020-11-19T15:57:19.913000+00:00,2020-11-19T15:57:19.913000+00:00,one_off
lightradiology.com.au,1,2023-09-06T10:06:48.537000+00:00,2023-09-06T10:06:48.537000+00:00,one_off
loxtondoctors.com.au,1,2024-12-17T13:14:09.385000+00:00,2024-12-17T13:14:09.385000+00:00,one_off
lumusimaging.com.au,1,2024-10-24T15:20:51.319000+00:00,2024-10-24T15:20:51.319000+00:00,one_off
mail.medidata.com,1,2024-06-18T12:33:02.444000+00:00,2024-06-18T12:33:02.444000+00:00,one_off
malleeborderhealth.com.au,1,2021-05-10T14:11:11.758000+00:00,2021-05-10T14:11:11.758000+00:00,one_off
mbph.org.au,1,2023-10-18T14:10:27.307000+00:00,2023-10-18T14:10:27.307000+00:00,one_off
melbournekneeortho.com.au,1,2024-04-09T12:11:15.728000+00:00,2024-04-09T12:11:15.728000+00:00,one_off
microsoft.com,1,2025-10-08T12:32:29.730000+00:00,2025-10-08T12:32:29.730000+00:00,one_off
movewellpodiatry.com.au,1,2024-02-06T09:58:10.570000+00:00,2024-02-06T09:58:10.570000+00:00,one_off
nadc.email,1,2023-06-29T12:08:30.680000+00:00,2023-06-29T12:08:30.680000+00:00,one_off
nec.com.au,1,2017-02-17T15:27:26.414000+00:00,2017-02-17T15:27:26.414000+00:00,one_off
ntcardiac.com,1,2024-12-30T15:09:56.877000+00:00,2024-12-30T15:09:56.877000+00:00,one_off
pdcare.com.au,1,2024-05-21T15:28:11.049000+00:00,2024-05-21T15:28:11.049000+00:00,one_off
physioactivesa.com.au,1,2023-10-17T14:19:19.010000+00:00,2023-10-17T14:19:19.010000+00:00,one_off
physioretreat.com.au,1,2024-12-27T14:03:06.008000+00:00,2024-12-27T14:03:06.008000+00:00,one_off
physioxtra.com,1,2021-05-10T16:21:04.268000+00:00,2021-05-10T16:21:04.268000+00:00,one_off
richardcrowley.com.au,1,2025-02-03T17:28:31.310000+00:00,2025-02-03T17:28:31.310000+00:00,one_off
shimadzu.com.au,1,2021-09-06T09:57:50.435000+00:00,2021-09-06T09:57:50.435000+00:00,one_off
signatureorthodontics.com.au,1,2025-03-20T11:45:45.828000+00:00,2025-03-20T11:45:45.828000+00:00,one_off
skg.com.au,1,2025-08-26T15:33:51.447000+00:00,2025-08-26T15:33:51.447000+00:00,one_off
sms.sa.gov.au,1,2026-01-15T12:30:28.963000+00:00,2026-01-15T12:30:28.963000+00:00,one_off
specialistimaging.com.au,1,2017-04-13T10:59:48.356000+00:00,2017-04-13T10:59:48.356000+00:00,one_off
sportsmed.com.au,1,2025-08-13T10:20:23.217000+00:00,2025-08-13T10:20:23.217000+00:00,one_off
tankardriverland.com.au,1,2025-07-28T16:17:41.140000+00:00,2025-07-28T16:17:41.140000+00:00,one_off
teachershealth.com.au,1,2023-06-26T14:21:54.557000+00:00,2023-06-26T14:21:54.557000+00:00,one_off
thedentistportpirie.com.au,1,2025-01-07T13:41:49.732000+00:00,2025-01-07T13:41:49.732000+00:00,one_off
totalhealthchiropractic.com.au,1,2025-12-05T10:00:24.760000+00:00,2025-12-05T10:00:24.760000+00:00,one_off
vancoortho.com.au,1,2024-05-10T16:06:00.484000+00:00,2024-05-10T16:06:00.484000+00:00,one_off
vbjs.com.au,1,2023-11-22T13:32:58.138000+00:00,2023-11-22T13:32:58.138000+00:00,one_off
waikeriemedical.com.au,1,2025-10-22T16:56:53.349000+00:00,2025-10-22T16:56:53.349000+00:00,one_off
westnet.com.au,1,2018-02-15T10:49:56.919000+00:00,2018-02-15T10:49:56.919000+00:00,one_off
zimmerbiomet.com,1,2024-11-19T13:48:08.332000+00:00,2024-11-19T13:48:08.332000+00:00,one_off
